noise,0,1,2,3,4,5,6,7,8,9,10,11,12,13,14,15,16,17,18,19,20,21,22,23,24,25,26,27,28,29,30,31,32,33,34,35,36,37,38,39,40,41,42,43,44,45,46,47,48,49,50,51,52,53,54,55,56,57,58,59,60,61,62,63,64,65,66,67,68,69,70,71,72,73,74,75,76,77,78,79,80,81,82,83,84,85,86,87,88,89,90,91,92,93,94,95,96,97,98,99,100,101,102,103,104,105,106,107,108,109,110,111,112,113,114,115,116,117,118,119,120,121,122,123,124,125,126,127,128,129,130,131,132,133,134,135,136,137,138,139,140,141,142,143,144,145,146,147,148,149,150,151,152,153,154,155,156,157,158,159,160,161,162,163,164,165,166,167,168,169,170,171,172,173,174,175,176,177,178,179,180,181,182,183,184,185,186,187,188,189,190,191,192,193,194,195,196,197,198,199,200,201,202,203,204,205
0.0,1.0,1.0,1.0,1.0,0.9999999999999998,0.9999999999999998,0.9999999999999998,0.9999999999999998,0.9999999999999998,0.9999999999999998,0.9999999999999998,0.9999999999999998,0.9999999999999998,0.9999999999999998,0.9999999999999998,0.9999999999999998,0.9999999999999998,0.9999999999999998,0.9999999999999998,0.9999999999999998,0.9999999999999998,0.9999999999999998,0.9999999999999998,0.9999999999999998,0.9999999999999998,0.9999999999999998,0.9999999999999998,0.9999999999999998,0.9999999999999998,0.9999999999999998,0.9999999999999998,0.9999999999999998,0.9999999999999998,0.9999999999999998,0.9999999999999998,0.9999999999999998,0.9999999999999998,0.9999999999999998,0.9999999999999998,0.9999999999999998,0.9999999999999998,0.9999999999999998,0.9999999999999998,0.9999999999999998,0.9999999999999998,0.9999999999999998,0.9999999999999998,0.9999999999999998,0.9999999999999998,0.9999999999999998,0.9999999999999998,0.9999999999999998,0.9999999999999998,0.9999999999999998,0.9999999999999998,0.9999999999999998,0.9999999999999998,0.9999999999999998,0.9999999999999998,0.9999999999999998,0.9999999999999998,0.9999999999999998,0.9999999999999998,0.9999999999999998,0.9999999999999998,0.9999999999999998,0.9999999999999998,0.9999999999999998,0.9999999999999998,0.9999999999999998,0.9999999999999998,0.9999999999999998,0.9999999999999998,0.9999999999999998,0.9999999999999998,0.9999999999999998,0.9999999999999998,0.9999999999999998,0.9999999999999998,0.9999999999999998,0.9999999999999998,0.9999999999999998,0.9999999999999998,0.9999999999999998,0.9999999999999998,0.9999999999999998,0.9999999999999998,0.9999999999999998,0.9999999999999998,0.9999999999999998,0.9999999999999998,0.9999999999999998,0.9999999999999998,0.9999999999999998,0.9999999999999998,0.9999999999999998,0.9999999999999998,0.9999999999999998,0.9999999999999998,0.9999999999999998,0.9999999999999998,0.9999999999999998,0.9999999999999998,0.9999999999999998,0.9999999999999998,0.9999999999999998,0.9999999999999998,0.9999999999999998,0.9999999999999998,0.9999999999999998,0.9999999999999998,0.9999999999999998,0.9999999999999998,0.9999999999999998,0.9999999999999998,0.9999999999999998,0.9999999999999998,0.9999999999999998,0.9999999999999998,0.9999999999999998,0.9999999999999998,0.9999999999999998,0.9999999999999998,0.9999999999999998,0.9999999999999998,0.9999999999999998,0.9999999999999998,0.9999999999999998,0.9999999999999998,0.9999999999999998,0.9999999999999998,0.9999999999999998,0.9999999999999998,0.9999999999999998,0.9999999999999998,0.9999999999999998,0.9999999999999998,0.9999999999999998,0.9999999999999998,0.9999999999999998,0.9999999999999998,0.9999999999999998,0.9999999999999998,0.9999999999999998,0.9999999999999998,0.9999999999999998,0.9999999999999998,0.9999999999999998,0.9999999999999998,0.9999999999999998,0.9999999999999998,0.9999999999999998,0.9999999999999998,0.9999999999999998,0.9999999999999998,0.9999999999999998,0.9999999999999998,0.9999999999999998,0.9999999999999998,0.9999999999999998,0.9999999999999998,0.9999999999999998,0.9999999999999998,0.9999999999999998,0.9999999999999998,0.9999999999999998,0.9999999999999998,0.9999999999999998,0.9999999999999998,0.9999999999999998,0.9999999999999998,0.9999999999999998,0.9999999999999998,0.9999999999999998,0.9999999999999998,0.9999999999999998,0.9999999999999998,0.9999999999999998,0.9999999999999998,0.9999999999999998,0.9999999999999998,0.9999999999999998,0.9999999999999998,0.9999999999999998,0.9999999999999998,0.9999999999999998,0.9999999999999998,0.9999999999999998,0.9999999999999998,0.9999999999999998,0.9999999999999998,0.9999999999999998,0.9999999999999998,0.9999999999999998,0.9999999999999998,0.9999999999999998,0.9999999999999998,0.9999999999999998,0.9999999999999998,0.9999999999999998,0.9999999999999998,0.9999999999999998,0.9999999999999998,0.9999999999999998,0.9999999999999998,0.9999999999999998
0.2631578947368421,0.9972433955475308,0.9974807216042226,0.9967461936605078,0.997476155777172,0.9970680590621082,0.9974788209104032,0.997023861626364,0.9969389556610677,0.9972888688100855,0.9970928161518954,0.9967019914437908,0.9976260362575042,0.9959560701491372,0.996733208668453,0.9964113907409416,0.9969533063582802,0.9965715538370347,0.99682647351432,0.9972430245062573,0.9973559710706765,0.9976520440248325,0.9974189284762263,0.9967357389926338,0.9962168669279228,0.9972074533730975,0.9967719462754812,0.9974152175669625,0.9974550618711686,0.9969040486285533,0.997628844528,0.9973242871954001,0.9959318729118656,0.9959862656100663,0.9978986799693149,0.9966924957585539,0.9976992324535536,0.9964573461891486,0.9968356377240751,0.9963609697377713,0.9963990646669426,0.9965203982491679,0.9969381612518342,0.9972726923079147,0.9971841074753547,0.9968608939799769,0.9967777757392701,0.9974436469684897,0.9968599117349212,0.9964828867105571,0.997889242331018,0.996647749311392,0.9974482989601893,0.997320691147926,0.9968798766734022,0.9971161555597098,0.9971732661675299,0.9968295445897021,0.9967535625058437,0.9966695726584796,0.9970360795748408,0.9975538577705464,0.9972537051341162,0.9977463335692295,0.9971653267599553,0.997264632027257,0.9974369985723069,0.9967241063512391,0.9973429038026345,0.9963248904917892,0.9972087452690072,0.9965665744704278,0.9970206923430621,0.9971535510870755,0.9968437826796803,0.9966467960750411,0.9970204282731603,0.9969894020476884,0.9969018710326308,0.9976178199278312,0.9977426912378379,0.99798787425953,0.9974439662553117,0.9969287909993657,0.9978457949798515,0.9979574878155602,0.9975242700492746,0.9973398867097314,0.9964609898435243,0.9976593345125488,0.9967440076137815,0.9965824167701215,0.9967684568280234,0.9975948497405713,0.9963082005699028,0.9970479705422097,0.9968873011695619,0.9967238156099096,0.9971626031158775,0.9974322954921093,0.9964864546411524,0.9965406058029442,0.9972715012317755,0.9968738562275101,0.9976676407484457,0.9976013231168419,0.9964098782147213,0.9974169237281705,0.9970650859920577,0.9974146591565568,0.997213304750255,0.9970980090170003,0.9967157318680128,0.9975040850504511,0.9964312255722098,0.9969684907423411,0.9961949872435073,0.9972825057426606,0.997015467933608,0.997337657888049,0.9963709051061033,0.9974716881171145,0.9965313594200946,0.9967936390441308,0.9965829484792299,0.9973180639477249,0.996890273018622,0.9967120164966498,0.996804575841062,0.9971251136297646,0.9972627976799956,0.9967130773281021,0.996922758555493,0.9967230076550874,0.9969171369343348,0.9970271928736635,0.9966998699127935,0.9970816922901298,0.9970973388477922,0.9971161447012603,0.9971806900240383,0.9964815456955697,0.9964824817762786,0.9971866692267832,0.9970874901173242,0.9972033850452887,0.9969507749697712,0.9968724081122909,0.9970734046747733,0.9969661964695812,0.996934591937265,0.9974666869490783,0.9973743389855,0.9971448349157944,0.9966290771704523,0.9970265671292918,0.9963853887468768,0.9969269561500118,0.9961920058968905,0.996437689237142,0.9974174589148741,0.9968898842971557,0.9967665782412383,0.9974188224897901,0.9968207549274233,0.9978409645166705,0.9971352456254495,0.9969069544254567,0.9971634363192111,0.9961791121280569,0.9969017976815477,0.9972295918587405,0.9963041653620291,0.9966508583756393,0.9970784461757437,0.9972139384759398,0.9976583676167333,0.9977882968409559,0.9969594564515584,0.9968512604056858,0.9978612644173519,0.9970597175957012,0.9969531109800003,0.9974418725229794,0.9967194660756021,0.9972376818567467,0.9972510990412458,0.9972803165014634,0.997060553009712,0.9972028823666609,0.997003184027867,0.9973460969887881,0.9970965855012721,0.9971741564307549,0.9968832729025306,0.9969030293621189,0.9968372934835066,0.9975560884586248,0.9976588121290406,0.9973887715570974,0.997480946970624,0.9966505121020802,0.9965733825446892,0.997296764536628,0.9971557789388654,0.9972734795771512,0.9964665529980816
0.5263157894736842,0.9871614278335106,0.9908132572394484,0.9879652328982782,0.9881537613688236,0.9875288017688986,0.9885020114716436,0.9866885867771827,0.9912957006117419,0.9899610481014509,0.9885419633141621,0.9863410363374356,0.987983264985126,0.9896115949699646,0.9856732683142292,0.9889969355816728,0.9868924612410848,0.9877695589381544,0.9852390268322151,0.9879159277659013,0.9906343674509096,0.9893099061938131,0.989408157108315,0.9856384228654769,0.9854890396207433,0.9896454247799386,0.9892241798453676,0.987679952309028,0.989468155423303,0.9867973741634197,0.9864742549795624,0.9886253904234961,0.9852430345000889,0.984790580073224,0.9866618123886685,0.9855477641489335,0.9923609271129378,0.9872476005401918,0.9877799409733831,0.9883479626386049,0.9881202847215562,0.9852866270006622,0.9852794384441697,0.989259684341674,0.9897873910254017,0.9909266525100315,0.9908980511018904,0.9878270604143512,0.9839695354307865,0.9901057980020262,0.9879163098460678,0.9881566546324118,0.9899129655836351,0.9869910741359583,0.9842127361727682,0.9880181885316685,0.9888169540114206,0.9886297991828626,0.9874122083517118,0.9906574008808299,0.9897062473543754,0.9900560823903873,0.98800556286081,0.9879140515224029,0.9897456628780064,0.9844737068276852,0.9860113019671525,0.9881405194019535,0.9884574514530711,0.9846456431209504,0.9896493358861314,0.9865767168170911,0.9888460243209894,0.9875081929506027,0.9873292072066199,0.9894535673918688,0.9891571088955569,0.9884429159963097,0.9902019079699927,0.988100486964819,0.9878574685646533,0.987293250964238,0.9849047901361822,0.9879887316022959,0.9890725808363595,0.9884694002246236,0.9898693089846562,0.9832982576222179,0.9916337226120165,0.9881664819634012,0.9890092465905986,0.9880957878319248,0.9879514266161138,0.99017059143364,0.9869604178887844,0.9903319306474404,0.9870487788511089,0.9920492733256486,0.9860828673675529,0.9875068427443154,0.988084790141716,0.9880853076367527,0.9881438177632799,0.9909407719235458,0.9914806281746843,0.9880154798354301,0.9876313332985375,0.990461276333328,0.9887221277387402,0.9885055987174791,0.9907323354328521,0.987608188448029,0.9875957992219554,0.9886569921619335,0.9874102837511728,0.9884286948018776,0.9910634684930723,0.9872615020227697,0.9886284426726238,0.987183085692516,0.9880014377409054,0.9901663910098958,0.9923509130599872,0.98721223619536,0.9888430892194369,0.9890395782353611,0.9873394778882464,0.9906180180521408,0.98585996237357,0.9864828476161939,0.9853260553738389,0.9892020476570351,0.9887886016348427,0.9884767889239501,0.9894244518529396,0.9903800047100423,0.9891541543688932,0.9878415716576907,0.9870170780535712,0.9895090028520166,0.9896594400197127,0.9885889610356385,0.9898311511386333,0.9873733954404355,0.9873213417172165,0.9880147716207769,0.9886173502234631,0.9888311674267056,0.9899798678177429,0.987647460220821,0.987585614117308,0.992620019280917,0.9827197827202946,0.990256210900654,0.9905296297919794,0.9890272049138223,0.9894155678214115,0.9872599550423878,0.9889211699358195,0.9883545199247442,0.9906010251559004,0.9874028778741641,0.9885460899108924,0.987375168330538,0.9863225723499052,0.9902224990662225,0.9864380203075866,0.9862711920534746,0.9896615544963515,0.9855362313344631,0.9905366749594535,0.9911794524122752,0.9910895748050035,0.9913253457411056,0.9859508961110464,0.9868736623633086,0.9886926491767213,0.9851383179912468,0.986327662943309,0.9918629161376171,0.9894632508934285,0.9896347894048,0.9896264375911185,0.9912646924304092,0.9872460215089862,0.9892194531426957,0.9871035416438637,0.9886371190668785,0.9904630651118443,0.9908601206297226,0.98413093505541,0.9881508597901911,0.9843657249263597,0.9860816935354559,0.9861532273402782,0.9851810437924929,0.9904828430026794,0.986792347065953,0.9890897488004355,0.9893255669706262,0.9868776846818108,0.9854602188411534,0.9877181586857365,0.9872911459044479,0.9863995009606954,0.9875951688114423,0.9866107165194157
0.7894736842105263,0.9747434453852322,0.9749354182683748,0.9731688641042892,0.9654953431527088,0.9742245710164071,0.9756791961163591,0.9700446475909806,0.9758928471128622,0.9740512596800911,0.969046853848713,0.9669622082753448,0.9719787138483514,0.9723729157507829,0.969553803793633,0.9718298273992237,0.9604329724468912,0.9732056340638668,0.9689881482191017,0.9769327414039093,0.9708088916212129,0.9635286360044142,0.9748201018871658,0.9796089570326596,0.9769242956372252,0.9728703041036991,0.9753989889240369,0.9762503690694762,0.9750378255182665,0.9708141522695208,0.972518922228611,0.9740016353641601,0.9678407434445129,0.9744754447781088,0.9747370468153422,0.962039437465669,0.9714347235727787,0.9727162551337978,0.9755116604899245,0.9743509873933971,0.9683931926613297,0.9751232370624959,0.9727000887509016,0.972873654330174,0.9650425643961815,0.9820911137688341,0.974409230558848,0.9695391297838529,0.9748686510817608,0.9727367831969674,0.9759459829207167,0.9717189611261935,0.9748681691344724,0.9734579991362006,0.9724892394473011,0.9736585381447078,0.9839214786322417,0.9716933160248898,0.9736567945636287,0.977868575342415,0.976707286459235,0.9835489939116603,0.973224054810909,0.9702402059087832,0.9781342774313719,0.9707265923882998,0.9727950894789037,0.966128832062117,0.976291418167898,0.9677579901703546,0.9768053904444296,0.9728467316224699,0.9741515628202827,0.9745162672936684,0.9744396259142618,0.9753784632717031,0.9727612886949579,0.9769950984038286,0.9738816803431756,0.9770609250537116,0.9745030266835858,0.9744236894792948,0.9771722296434506,0.9743621520024621,0.9723206370214127,0.9777193529816137,0.9709926166817268,0.9765483874638482,0.9737016823902934,0.9765603014235171,0.9751704065146134,0.9707528197903434,0.9742499747907657,0.9684723484013561,0.97168453475157,0.9762647308009966,0.9789778134418489,0.9760194902533597,0.9752036769525909,0.9693130456677992,0.9691936074782842,0.9734123266352949,0.9830530474929486,0.9736921949719941,0.9742923925789274,0.9772664067872703,0.972487781586844,0.97374202471228,0.9711307419381011,0.9802985821264582,0.9834666867511416,0.9774564354667651,0.9701354873868974,0.9751989098245443,0.9755276758388607,0.9695647630773481,0.9726679594067809,0.9755127280130066,0.9766711443122901,0.9748108182683318,0.9736516916851166,0.9646604283791809,0.974804313132894,0.9692287836592387,0.9786026769039958,0.9685241142744132,0.977113512168247,0.9715498717318392,0.9715267933044188,0.9772035395320354,0.965628695206958,0.9793710097289268,0.9737722035385384,0.9728697097935407,0.9738258936446136,0.9707350077868974,0.9792239012557675,0.9731059460058835,0.9666458761725668,0.9714326214347285,0.9680339842606903,0.976971253642446,0.9744550363698073,0.970049143916902,0.9751782800136588,0.9716428488482846,0.9738313956933596,0.9773008775383164,0.9773197983168197,0.9724700447768999,0.9677909355939397,0.9706770261135022,0.981562329192162,0.9742019411331063,0.9686743742828052,0.9708511012753404,0.9782365656020447,0.9675653536912979,0.971840793981676,0.9697519534433253,0.974522681413305,0.9676800084630455,0.9684948832350341,0.9732950803808595,0.9691147121911132,0.9742863043535936,0.9814217202674331,0.9765593920760876,0.9814926318220898,0.9773045554511347,0.9702923366142431,0.9811983930110769,0.967080969549142,0.964973957198025,0.9789808982671482,0.9786835176148839,0.9798664815876932,0.9682979154909181,0.9759350140498345,0.9722330946334167,0.9719471152663651,0.9774018610340427,0.9727936831690944,0.9783990221637481,0.9672903284370864,0.9767099675120432,0.9696341875472756,0.9726554464087378,0.9748223187248306,0.9796966409317949,0.9706282935926008,0.9721433419619789,0.9656769710307219,0.9756588552814538,0.9708750228965664,0.9727914911990623,0.9667537956279773,0.9641859653523965,0.9792293526383009,0.9698047675083099,0.9775093216265883,0.975237463682938,0.9672849108694243,0.9753660385579678,0.9666622198957123,0.9761491878183493,0.9800300227330553
1.0526315789473684,0.9565840316617096,0.9528533933109756,0.9527234401793035,0.9616926881129506,0.9621727723223481,0.953635183814518,0.9632153205878645,0.9470575481968196,0.951897164375252,0.9391661781235479,0.9419843112731365,0.9435598029116379,0.9562195064665211,0.9515669327612514,0.9580308221572763,0.9607297183568448,0.9445136425174117,0.9531899547950731,0.9577878129513201,0.946833863502567,0.9466197593351604,0.9660659647621722,0.9599915944998827,0.9606181841848376,0.9636121992008102,0.9470010666108875,0.9501048527846518,0.9561888130526361,0.9616325828333607,0.9492237292094814,0.9594426812312202,0.9554931411487539,0.9524347565117294,0.9598340172885759,0.9604516018860995,0.9613943710208926,0.9534537696901779,0.9514867743690485,0.9452047531872286,0.9572680522221405,0.9565538504569084,0.9475518364116539,0.9348964573330732,0.9454173444871945,0.9433517292977098,0.9542217975218897,0.944513996641986,0.9655320338654639,0.9583262097526994,0.951321517184499,0.9605195602473958,0.9506994365711229,0.9625135499107018,0.949946225074446,0.9639489998835493,0.9581004431198691,0.9485609188014241,0.9477072673811134,0.9533594379696111,0.9439978929669488,0.9585005165180331,0.9495052194947422,0.9516772748922843,0.9494118508815136,0.9649142388780114,0.9516798515607079,0.9533643938651754,0.9568587683789498,0.9523686109840119,0.9495795834239492,0.9414133434580303,0.9552489148550808,0.947208086958983,0.9498002225103656,0.9600108822356755,0.9490169117340886,0.9464097642312127,0.9487967776262369,0.9562885634096105,0.9636847444651617,0.9600245442384646,0.9594325718508733,0.9431536100316197,0.9535264059270656,0.9651101850731325,0.9351515742982767,0.9614990741677283,0.9309679599618337,0.9386409995658374,0.9673535037887787,0.9603319015728939,0.951059525671453,0.9569738292156708,0.9611201939328579,0.9540961962769384,0.9619749357808046,0.9543874687847583,0.9393336124282969,0.9475801479900737,0.9516421593496269,0.9525104392244765,0.9445120438820982,0.9517893985767083,0.9583035227237421,0.959628337135779,0.9555915026978523,0.9585886084237627,0.9519124238785286,0.9602954490338964,0.9374450595979049,0.9519296548272985,0.9509228589881796,0.9521700032450182,0.9576913291043959,0.950402748486177,0.9555920895063765,0.9565067489970425,0.9665564256883004,0.9562986889926155,0.9548212543837403,0.9589330450600353,0.952421738990435,0.9439386060569777,0.9417680741795822,0.9525762885307562,0.9353737497575408,0.9525665674197392,0.9607823051087518,0.9492303297991502,0.959723383737302,0.9567516201910707,0.9608181002262715,0.9523679057283532,0.9557867945566273,0.9592101831188268,0.9479834237740548,0.9580465187258573,0.9448962497334795,0.9678484717428356,0.9398580123826098,0.9508610459140419,0.9426683436373905,0.9596081795436926,0.9602215625152456,0.9385520083373314,0.9536362074096981,0.956775537852933,0.9613073168547626,0.9555950314066197,0.9668757831189658,0.9583057778959984,0.9582960270666244,0.9506577568965686,0.9550341094531681,0.9558578781078106,0.9521462483824032,0.9480904401281975,0.9555632409636804,0.956638665302565,0.955175744354619,0.9539924923790495,0.9556444638754789,0.9476329874866285,0.9416524607474329,0.9458923962646307,0.956917101495035,0.9518681801044192,0.9596377994034809,0.9477662517798645,0.9507683441303985,0.9539367768520594,0.9568581063674045,0.9607465004270374,0.9466565954736331,0.9582686175880343,0.9453423541881981,0.9591938556567652,0.9488336083699542,0.954617601805106,0.951367085716712,0.9582811304710196,0.9499691322380418,0.9612315811177744,0.9475968533628508,0.9430464479429903,0.9514232340345782,0.963041835130814,0.9631191521723317,0.948494551118751,0.9550280862332506,0.9460361472295067,0.9558227702198687,0.9684231510509178,0.9475684376546575,0.9465160107043776,0.9478824974489641,0.9513475786452267,0.9613723791216563,0.9405000326715538,0.9589029241611751,0.9478625603953992,0.958958010860425,0.9402042575249534,0.957173566997316,0.9488220927979388,0.9435315226409837
1.3157894736842104,0.92655282525665,0.9389648817862742,0.926450158444264,0.9268310852299227,0.9244794516326995,0.9424109742908581,0.9220307898976093,0.9094702846737004,0.8926188088492614,0.9369167293344889,0.9328253752945088,0.9238235427470296,0.9323353040162625,0.9171451384507819,0.9327509849021799,0.9179909980275661,0.9353185877803896,0.9199939202724379,0.9472001945088866,0.9317206059604867,0.9111197838740765,0.9481719316457723,0.9277687351491518,0.9502476415834893,0.9469750971570288,0.9223667323612746,0.9373907836983246,0.9370226666434885,0.9221979490598382,0.9033804406248112,0.9109258214670013,0.9205018282922923,0.921544615943835,0.9437768583608066,0.9205686315830753,0.9368797984231605,0.9421181324814788,0.9486083012068253,0.9239046735722932,0.9134327477798074,0.9415311987346716,0.9357928795734372,0.9177775320622847,0.9164232062843818,0.930548355177462,0.9465776922285519,0.938550880771673,0.9247617028608419,0.9291253527295021,0.946262577007701,0.9252985844691689,0.8965872429947986,0.9204505624841802,0.9204516339472438,0.9059276121809918,0.9221647582786431,0.9348282413069114,0.9352048819707882,0.9084580991163336,0.9219148193354518,0.9053969771769568,0.9215859760357809,0.9228390858294571,0.9101589872250959,0.9272572899355941,0.9204307366518989,0.9282504178243252,0.9291689392237211,0.9460873443769892,0.9085285695662515,0.9226621936147401,0.9320502398022604,0.9279765131143363,0.9289384199092715,0.9309399376973561,0.9287364719596127,0.9339252332575508,0.9236799564536665,0.9166868659679569,0.944510671011423,0.9310212136142527,0.9089033133075789,0.9363333228386924,0.903830183094667,0.9257638705953218,0.9150821024227156,0.9347311463392324,0.9274716993531554,0.9236625763414089,0.9316587790643776,0.9534637380805203,0.9183196065897439,0.9315900519498853,0.9296143738871372,0.9441993198322777,0.9403459901604332,0.9309870189247283,0.9321931800847593,0.939529819977222,0.9169861110529951,0.916373380853543,0.9068164062760717,0.9310908962468343,0.9216353051466268,0.9131488364678235,0.9219442936624072,0.9399366025297589,0.9248583117601363,0.9129751449296301,0.9198134417198617,0.9125911720091918,0.9047979344348294,0.9256598283188571,0.9131205220277571,0.9268807461574858,0.9195721505654394,0.9190157703316325,0.9346387400757489,0.9471564781199442,0.9473351230402185,0.9112845582201379,0.9323450232897612,0.9144395105346804,0.9216630160995742,0.9113942447740174,0.9223964994758299,0.9492721454695382,0.906688651712171,0.929084477909867,0.9315331036359285,0.9319075390022926,0.9117738880160419,0.9211324791197592,0.9256219054662812,0.9162377834353407,0.9244162125286451,0.9183938239626372,0.923833928928177,0.9338769250374481,0.9215169808502397,0.9276931883579869,0.9469963199537648,0.9346513685988959,0.92485882191499,0.9354109930032302,0.9235442139187284,0.9388600233043518,0.9455823724090593,0.928997925618305,0.9319012796603477,0.9305873733424483,0.9193991221553321,0.9331776998186749,0.9331558660459328,0.9320866338397594,0.8982246993462577,0.9315568753533775,0.928243412232684,0.9357267345105201,0.9349617217357008,0.9013439105420228,0.9230538327482634,0.9394351976558104,0.9173927480209804,0.9375156567293492,0.9220160962332592,0.9337290361041063,0.9216517786651781,0.9204739182964643,0.9340783684146028,0.9421082646090614,0.9227120283798423,0.9091759688332448,0.9247676007033495,0.9358605999757658,0.9160696775660405,0.9197571101006753,0.9064256246794165,0.9230961903981885,0.9430189994712664,0.9252912804358511,0.9333008466464147,0.9338096522847975,0.9351178722438311,0.9184287678408004,0.9403347898716425,0.9208142746062525,0.908659690894494,0.9147454169100574,0.938992508686367,0.9299787341589827,0.9270524517083778,0.9236266895109907,0.9233694207989406,0.9289168173067411,0.9237374931984146,0.9354150801831213,0.9050811895547565,0.9367163530736585,0.9388766956000547,0.9315990298976634,0.9374226624658359,0.941024932395406,0.9288590072097923,0.9333813277567052,0.9259547121897485
1.8421052631578947,0.8875699961603584,0.8742198716748687,0.8643883210583009,0.851837868899422,0.8706784795511789,0.8814672580250354,0.8797617471950592,0.8777185300665392,0.8818539036708298,0.8641077993268877,0.877857691310948,0.8200551776070286,0.8358976783140881,0.8600158851790946,0.8526422889185385,0.8836378271040023,0.8928668220287945,0.8583258250439694,0.870643448384384,0.886613404292135,0.889328953103019,0.8577914721856296,0.8692510328991184,0.9122300715327936,0.865490604149411,0.8767019444596438,0.8811906019926458,0.8535314416421481,0.8623826196409455,0.8333918265928711,0.8061775104489425,0.8908484890376962,0.863045770829932,0.8664585978937039,0.8461594491903703,0.8504742018527511,0.8719700684437052,0.8477148370378269,0.8493686150034905,0.8673795722435556,0.8809103005607053,0.8647401099008082,0.8976046158902562,0.8489862602556607,0.9051801829767153,0.8624852904378838,0.8633420452531635,0.8975599179236452,0.8621242801777439,0.8470594901393105,0.8675840163470852,0.8579310940187056,0.8726008773021444,0.9032522876897996,0.9171068990261279,0.8351900417118038,0.8635058860454713,0.8637877254411469,0.8685153749674447,0.8729393789319361,0.8352024472100168,0.8742701233309083,0.8818181871734455,0.8891612547656182,0.8682465377283327,0.8586593788684221,0.8758428139658947,0.836655024595401,0.8483714233155281,0.8288819271938085,0.8731578538093996,0.892342504729471,0.8742086157386879,0.9021538269143822,0.8314551115789172,0.8286229410833689,0.8544413662194239,0.8489057932007366,0.858236086644578,0.8543672376346686,0.8548973948924402,0.8445154655328688,0.8302492020647655,0.8398844488114351,0.8701109145010092,0.8486149237515381,0.8527789862659787,0.843059365019855,0.8687464548156281,0.8631915676946107,0.807676884490288,0.8822563317296681,0.8600214109689366,0.8376943049551646,0.8556286487992414,0.8320538795654199,0.8574418860776543,0.8359736479925288,0.8468756452248644,0.8669970441099554,0.8418867721156957,0.8259288495110463,0.8720211337194089,0.858662262036615,0.8843735617478753,0.8594331522714012,0.8503164629640357,0.9047897457830861,0.8559554121423912,0.8706391337925923,0.843531349299968,0.8692636025767777,0.8855693357279165,0.8840445344789724,0.8847414706976887,0.8739068080946973,0.8567406433152492,0.8845905789033145,0.8648587360680686,0.8330130348819736,0.875595647393219,0.8964840030066902,0.8533432574001834,0.8426030213516594,0.8399013786312274,0.8646348912626568,0.8818602677226351,0.846074617457708,0.8784579820500943,0.8454028260525132,0.8237315215191702,0.851775624215974,0.8486189346597317,0.860411380204116,0.8524196579244969,0.8595051244137357,0.9051072710906861,0.8457739171550188,0.874147260691993,0.8457743011301287,0.8860096595711001,0.8639234341995264,0.8736691564842608,0.8567894794640191,0.8290715005908422,0.8983250096152655,0.8438794019046612,0.8808494558823755,0.8261542393286238,0.871824651592829,0.8835428294929214,0.866741728828282,0.859614987060647,0.8655021613035091,0.8639308112861632,0.8214488955490606,0.8797678799827927,0.8693032652976749,0.8935985202478542,0.8722712256666726,0.8368891331493012,0.8419695994648864,0.8227766269881538,0.8847074240605043,0.8573471864362414,0.8391562799458399,0.8819689008575419,0.8337458193381045,0.8800238887280752,0.8895890544911633,0.8514830635008181,0.8999652536941385,0.8434469766711353,0.8587202754530788,0.8597731941922886,0.8709139394985461,0.8981214405871897,0.8651349813713817,0.8746520231789707,0.8715508456427015,0.8795192598915066,0.8602791903993866,0.813357224481936,0.8835596329581036,0.8873692751791338,0.8454682710091129,0.8555147839592108,0.8513492368363488,0.8768703518681991,0.8403132813096547,0.871597130641454,0.8550270181535368,0.8839204715693177,0.877900085293874,0.861601563023677,0.8984820662118138,0.9012654892914769,0.8690707112763465,0.852686760457997,0.8412563200853103,0.8707276540507478,0.9003237008868497,0.8937715362257468,0.8583461078281759,0.8438496464217946,0.8905571815642116
2.1052631578947367,0.8128847516234438,0.8282934097930689,0.8447179023046686,0.8660176825577618,0.8019078235418098,0.7965158753669138,0.8420908934407326,0.8586458949069532,0.7839013128698402,0.8783561573820508,0.7993507784896452,0.8592680816543211,0.7997417780719311,0.8642070334498152,0.8236753894360745,0.7609594442162135,0.8339762388184926,0.8307179812897235,0.8308262927176955,0.7971818990574395,0.7817894169914419,0.7935228971732833,0.8003005311974424,0.7973608710357056,0.8348760629165317,0.7965964057798486,0.8180511785534268,0.8197024713519859,0.8111701630633872,0.860262563907325,0.8616714633088101,0.8155936907803983,0.798378666840284,0.7787270830835813,0.860538457151798,0.7921824995657641,0.8448337779951064,0.8484916465359447,0.8014717676106082,0.7837604256586206,0.7613378577805621,0.827486176719925,0.8419304205006881,0.8480993237702611,0.8303255553663433,0.8733725274573554,0.8472372665034824,0.8504042314582706,0.8244784608630419,0.8326776896953515,0.7998505465929943,0.8413024459659145,0.8069817093886393,0.8400543894270152,0.8248319853104076,0.8012854738966126,0.8485170048323895,0.8416395373271911,0.7555422542893859,0.786463951136349,0.7565559224118861,0.8079195381003904,0.7892611606553875,0.8204768324990132,0.8002322264633516,0.8019859491042272,0.8365940456500154,0.8382127446416822,0.8151615205825188,0.82001483912989,0.8358102171284228,0.8187163368016902,0.859597063219538,0.8091871071113498,0.7623685379088745,0.8438209635741387,0.8125008784587813,0.8581914051916305,0.8369155303006656,0.7988911703221726,0.8665053983471738,0.7779380022560317,0.8036564406614272,0.8067489067718989,0.7914883679631944,0.7914731164619047,0.8241783555275681,0.8531317247475352,0.8456804220209905,0.8432532202430637,0.83304546714064,0.7845110813267191,0.7707151533780549,0.8137599765784769,0.816039417404273,0.7618693563272783,0.8209882641907646,0.8351853181013624,0.8033473566036818,0.8036856581175503,0.7973547043267796,0.8306005127497311,0.7886045850133933,0.7642055399141964,0.7838601980550053,0.8181546099702808,0.8144827898502031,0.8293669812791252,0.855665872682043,0.7959646618789556,0.8123678247706592,0.8573706024316341,0.8106323244662004,0.8434888465973647,0.843693300668028,0.8182561190303512,0.8740217488657696,0.8373372466838878,0.8679948210130704,0.8152249947628079,0.8440925472706,0.7936825477777987,0.8034542303456658,0.7974624307694714,0.828405533856445,0.8030381813237578,0.7896720989305488,0.7536092929259228,0.8150870774980429,0.8289027746412817,0.8652502937025746,0.8770316513096124,0.7840464456098927,0.8408627436469093,0.8004339460052855,0.8317274155517318,0.8704557258887701,0.8264272145468744,0.8174415110229709,0.8321949960157052,0.76252745584092,0.8587788063969249,0.8142922744110515,0.8383358215830039,0.8269719931954226,0.8186513007428813,0.7849626655573748,0.7866423139130367,0.8273069060861771,0.8006888951753356,0.8085797250995935,0.8623674187481754,0.7880211724900119,0.8666858321997783,0.8044257490756783,0.808244524507761,0.8136012273868752,0.7873821733150893,0.846566585862443,0.8508366588495068,0.8375214202928126,0.8205187241924092,0.8729951892203016,0.8199511476675706,0.8474790661032741,0.8492263401743828,0.7864473833182449,0.8307013037048548,0.8569711639801321,0.7987592679271407,0.8196547675889824,0.8449389510093566,0.8510311111094895,0.8112347941833506,0.7601780332682734,0.770247394564261,0.8177250180197371,0.8103977226546097,0.8640869163882713,0.8417133478230853,0.8650827294334406,0.8145466337244777,0.7867566256731721,0.8233673295236863,0.8136743319842533,0.7844536611999109,0.7925658482802166,0.8364916002585567,0.8355612041388981,0.8428245248936274,0.8284627838103996,0.840427450310199,0.8098295590567645,0.8212029793789137,0.8061094678099276,0.8065774056737337,0.804548291966395,0.843719912006671,0.8159868915121546,0.8418767552379917,0.8124322412952977,0.8530623600323679,0.7805519469092317,0.71044211734199,0.8452708234893254,0.8393463164345634
2.3684210526315788,0.8177296348541734,0.7997342733478884,0.7941123753195027,0.7680923337031768,0.7637177499917575,0.7531711914068062,0.8146191964224017,0.7969390539363278,0.7987383103399254,0.7698823669315201,0.7674136585244228,0.6943993847223375,0.7219651433988175,0.7325888438863026,0.7758915630851426,0.8305426969337043,0.7283851019670496,0.7615535292381185,0.7680706951553965,0.7865937075864199,0.8162369422927815,0.7741905816626014,0.7621716539888059,0.7910687714601777,0.7506164300948411,0.8006185446216765,0.7950333599783548,0.7510869487093651,0.7424535398232602,0.7832281452130023,0.7806587735969387,0.7746898411023052,0.7602777445118426,0.7692638069091534,0.7743026452030954,0.7969531394412314,0.7023393468911729,0.7901680312311864,0.7991254879668347,0.8132854136728002,0.7774992829476347,0.8057721127244992,0.7861088099438903,0.8044382669142313,0.7580094793859317,0.7917370105557324,0.7545224288762389,0.7639270934599306,0.7984748240787274,0.7040047642005075,0.791386448380736,0.8035889125033131,0.817875355087895,0.7756269151682137,0.7266009262000207,0.774410016205505,0.7905634286137496,0.8114709994634993,0.7787769116813319,0.7622678803563538,0.785614738770679,0.7428787366539041,0.7891813854071967,0.7687914011761336,0.7786979565088382,0.7855917911444628,0.8327063965402807,0.7648912279402296,0.7108910702541726,0.7933203909795118,0.7813194280087105,0.7516810372033973,0.8204029005542982,0.7649293142046347,0.7785150153018754,0.761417931872981,0.7422627036141294,0.7248733125920211,0.8205031506088315,0.7757249251800367,0.8723572714905721,0.8018598819002348,0.7809436709523094,0.8350817097767794,0.7486802179599945,0.783057649334801,0.7579585671786031,0.7597946972199638,0.769693180064239,0.7392830003962352,0.7535385020217186,0.8287285076042825,0.7438315596734845,0.7478668336938371,0.842456702306663,0.7934842822925671,0.8082680417476583,0.7979355895029415,0.7870572370961628,0.7696843690327811,0.7925063135822489,0.8121707796973608,0.7224829979575338,0.7413302992869036,0.7307609822606137,0.7385702565866015,0.8288185823034047,0.8010305263570054,0.7921350679613102,0.7574919991095533,0.7898658967398947,0.7743285844752432,0.7646373388345827,0.7707343634671056,0.7837716814386341,0.8170526414077371,0.8120852129902572,0.6966335816827978,0.708823187690808,0.772636251169634,0.8083223755787726,0.7731129246658711,0.724605952293455,0.7183218488710362,0.7014895473357817,0.81642779437034,0.7948081834435458,0.7850975578361925,0.7635881765645165,0.7656846081540373,0.7968965989851114,0.773256953673632,0.7632517481031168,0.8118915371577718,0.8084651665555193,0.8086124896556139,0.7950027119701492,0.8010455953302371,0.7943654354752714,0.817794185538998,0.7437844067231172,0.745150707269357,0.8079862019862272,0.8102591843448081,0.7460842145169442,0.8025835176027357,0.7749103736960283,0.7455044586278097,0.7355324083153644,0.7383242638431384,0.734937909380838,0.7825173813002331,0.8728105206645163,0.8018083509426541,0.814218819656241,0.7649136630718474,0.7821414977234492,0.7413324590163092,0.7439473816030695,0.8029226797356803,0.753851858447331,0.8059035221178521,0.805635871705832,0.7608692479446791,0.7510088018125891,0.7545195102410821,0.7705030919843818,0.7557075235921449,0.7803334469195805,0.7569646959194575,0.7438753699725396,0.8009872027677373,0.8053523317143404,0.7807202356708678,0.816192288343433,0.7664818496190374,0.787029800409336,0.7596067578716412,0.7313328994307867,0.8046519139576054,0.7527090547709329,0.7841532787364649,0.807313558638315,0.7102048164535415,0.7724722377429566,0.7934632846038919,0.7610983238792084,0.7304639334482967,0.7432368071928386,0.7389894991937969,0.7516912850512167,0.7571593772126144,0.761848965131616,0.7784150769680874,0.7534588762689338,0.7635727202687782,0.7935619153466947,0.7507544772862738,0.7535184742305497,0.8151174077381088,0.7622753139312292,0.8065073312960108,0.7545625201556334,0.8241246281593906,0.8120953340328396,0.7904012744339812
2.631578947368421,0.8001052755026409,0.6852992863967885,0.7206565971660281,0.7079681734069706,0.7319173868388887,0.7255749741837834,0.7483049616652814,0.7135232169619298,0.734642742126046,0.7358337283836669,0.7082300931014144,0.7317511170494357,0.7553878194662503,0.8044703881585046,0.7104474413611207,0.7534184139389595,0.7733473149683376,0.7153512716034477,0.7085674007802933,0.7077902533540427,0.7735665695380918,0.743934607009781,0.6888661150446451,0.8649757230986256,0.8195839831854751,0.724604014558625,0.7093551127840397,0.7806948411224854,0.7542515711617676,0.7163285060104129,0.7633905966074547,0.7498332729883347,0.7331473570277689,0.7514889275441131,0.6697360325112233,0.7684600535241503,0.7124490315515685,0.6804818541203391,0.7082884173368821,0.7392569618656432,0.7550293191659616,0.6630201736856987,0.7741947166502033,0.7491246160337408,0.7967676419136825,0.7191788335643197,0.7504853553290644,0.7593698359052038,0.6888495104358531,0.7080407197288174,0.7629343559993953,0.6772555491453783,0.712941884478481,0.7298817787689316,0.783556527861256,0.6893578417572036,0.7338831002066478,0.7604135377079292,0.7360011423395414,0.7442931735113089,0.7235672763507937,0.7547779619415986,0.6654886466598402,0.8056171274585371,0.7848300348738285,0.788328675961044,0.7932353015027123,0.6426107351552238,0.7517925743779773,0.7371634278601275,0.6998723990795452,0.7548722678638189,0.8124553897310787,0.7343173705330409,0.6953028084668116,0.7150487516729734,0.7323526549450325,0.73638401013591,0.7464518873210236,0.6479192923379133,0.7290054559647849,0.7233202713822204,0.6969567894318878,0.7399629684609453,0.8190705377625733,0.7228859059435766,0.728069598387801,0.7723777771795459,0.7462183681614323,0.7631010643717209,0.7667959165980476,0.7400947558216978,0.7316244438588487,0.7733440614559559,0.7159397230784392,0.7214136776699739,0.7068470674420976,0.8197070659242504,0.7214631527026827,0.6693699854485144,0.7309800185047683,0.7092767280556785,0.7441342850178897,0.7270437921720307,0.6597024822406876,0.6801458233638523,0.7645663931806245,0.7465535073673848,0.7604427058308604,0.722775854173504,0.7793649804625009,0.7172187115446147,0.700983591237734,0.7815336584493014,0.672818598919836,0.7874905955420171,0.7352373290127802,0.6707054573283754,0.8145059005209009,0.7420272693902047,0.6888163107879817,0.7209299997181493,0.6766435151592683,0.7160444099286181,0.717766621142964,0.7862768246299698,0.7341689545238044,0.6907898758811726,0.699404401736823,0.7502240525344795,0.7402894558099173,0.7656407337511212,0.7695086680782057,0.688765392372114,0.7161612966449558,0.7493599159383031,0.7803979768785335,0.7007396610526511,0.7494584681635066,0.7152082494443682,0.7401965497140464,0.7364711015634564,0.7302629453621925,0.7277512800860244,0.7130705048227692,0.744747444152019,0.6504925483674106,0.7632228689995586,0.724453264512231,0.6981809768635223,0.7691439862496608,0.7357543481603241,0.7635890891176061,0.7348454894938823,0.7376926315554062,0.7407104499579926,0.7481397798772018,0.7487998042668139,0.7494371803316131,0.7926476080314513,0.7220857490674715,0.7935427523268468,0.6638925807071006,0.7257649472628238,0.7609715817278936,0.74526804053134,0.7495350830862805,0.7453305205932488,0.7103716535290961,0.7153864315987665,0.7575673691161829,0.7731762105068585,0.7576838274828124,0.6379749586033319,0.707264174065545,0.6825895855363963,0.8103454560590865,0.7129618375030851,0.7275572511596456,0.7677395110671125,0.7261922000790021,0.7988217776075508,0.7319192641092772,0.7187176731945518,0.691245820619819,0.6841483699074195,0.668065676359529,0.7913669013340754,0.7227032684270027,0.7483546611347839,0.7629225235886391,0.7285029664068393,0.739301926416255,0.7235826098239555,0.8194893533262662,0.788884440783409,0.7697772070834811,0.7051969667264929,0.7584494220458811,0.7330130148901691,0.780749583381844,0.7689550431592485,0.7722356539186267,0.7118071404869178,0.677234910702407,0.7613222510265688
3.1578947368421053,0.5884148554346506,0.7386493165853794,0.6634498425831976,0.7241641120878908,0.5426100137985166,0.608021053516802,0.6554303130658005,0.6665403576200846,0.5746986455248949,0.5945757388809045,0.6384772538073736,0.6790386696371105,0.608040936682827,0.6501043834262431,0.6534608969034904,0.6146109174045985,0.655661709944334,0.6939157336169909,0.6132011419001572,0.5680394464888356,0.498182262100134,0.6044953182993864,0.625060512626471,0.6705377858105266,0.682249090838367,0.6647377192703062,0.6272483547785318,0.6492566585015211,0.5970062064880418,0.6603968308738304,0.665883862341507,0.5285525934673011,0.5699236802466119,0.6858437792456071,0.7275188901756824,0.601900540026881,0.5652530416891354,0.636663524736926,0.5510629740253061,0.5662721703791538,0.6140160025764402,0.731630956028439,0.6731367468879251,0.5918992898784042,0.6372316934024492,0.7378088325552357,0.737331764612924,0.6626464692752864,0.6778066076185688,0.6413288470968843,0.568924406904104,0.4852659443174778,0.6034452207447373,0.6120104267052798,0.6176630628849089,0.5947882760621616,0.6509775314190824,0.6000914404800529,0.6294318844502754,0.6260510851042632,0.6885590729656372,0.6960207009918223,0.6026367030877128,0.6518588483376488,0.5971635152846769,0.5902968541146968,0.5744632013569081,0.6597199401096822,0.6789412424551987,0.6614034251504068,0.5413984755526429,0.6824843875430485,0.6952541042271811,0.6696635906793852,0.5852759115153913,0.5331244876708578,0.6724929813107389,0.6819579528142774,0.6417186550666791,0.570814806666861,0.6910195792686297,0.6405688679754324,0.7057183161307976,0.6237584374538142,0.6132047349493067,0.5460361429055778,0.5065469259710655,0.6603959571238165,0.5447783186813054,0.5636404227861039,0.697423932962369,0.7349434871941642,0.6342312512603071,0.6613675398159164,0.5936515690406996,0.6123954875800462,0.6188207998678019,0.6292192818269529,0.6561988593205511,0.5919317360740722,0.6518810945554614,0.5798988243647892,0.6941086479106442,0.6317352595458159,0.6014542031912101,0.5596508782212285,0.5920847799048101,0.5643343997842901,0.6427546948686649,0.5630792471139168,0.6615679264370612,0.6720993218002104,0.6613308157938476,0.6366668137256938,0.6336149177075898,0.7117667270235831,0.6071659115472917,0.580358992851327,0.6343765679335509,0.757597959908796,0.5953682828319475,0.5673632237397351,0.6658459617093088,0.6790355927579999,0.6430093539405434,0.6896101930970092,0.5699755170375056,0.6590805615295139,0.5665436221364696,0.6151848611585012,0.6136333056272475,0.58602408949593,0.6220944919765712,0.6074981376512111,0.5794517983175332,0.6379849851302168,0.6003125031920318,0.6245853506771405,0.6519638557465984,0.630639800664816,0.6575099307237802,0.601582409609717,0.5768190621923692,0.628801400052303,0.6684513087087143,0.7098244951774143,0.6136917044632508,0.6524880233477187,0.65596313618856,0.6518339125894039,0.657423951408224,0.6653014486349315,0.6407927771697789,0.6694735078075197,0.6997655269709847,0.6507969788302552,0.5884011189389994,0.6773942244006484,0.5948237438185581,0.5457506110974045,0.5134771634647555,0.5249374998572658,0.5148618798647854,0.6470786219842932,0.6080786795726912,0.6301037560561366,0.704565818347872,0.6441323769237973,0.5763678161893048,0.6536083514707931,0.6289402361518788,0.7340612160273087,0.564508714795511,0.6175750252719944,0.5848083103145759,0.5673375411750584,0.6053136462085051,0.6203201384980642,0.6342669319197837,0.6265157259285674,0.5509796005244403,0.5398305157296053,0.7250694401641913,0.6722012383737239,0.6750988933611016,0.5839357654395776,0.6274796124631441,0.6162292046218848,0.5620009901869798,0.6302081590788627,0.5146143827791577,0.6154598034938402,0.6639481790265075,0.6111865344029783,0.5875249132346335,0.6826713125354931,0.6665089690886287,0.6000791886047181,0.5916483168699926,0.6822586042499953,0.6176887797206057,0.664044500492597,0.6281066780875211,0.6839395334795931,0.5085019307203711,0.6428955298008832
4.2105263157894735,0.531780319437785,0.451684163886828,0.4567628695948104,0.4831054767651535,0.2451636367332446,0.13542132306280455,0.08537448437203292,0.16578225792795537,0.08911000564816227,0.2174610844640832,0.3260364361562728,0.35952704347762326,0.44429441697120137,0.455924557821585,0.4496410991614974,0.42293201107964085,0.4136257250189565,0.5084965488014911,0.44149848337999015,0.3440815932082257,0.44988852640882565,0.2236073814209166,0.4889246155388597,0.39524157774558255,0.39433115256737133,0.4100976087409348,0.4101368147606373,0.5388332529439874,0.44659492867769834,0.5266087613507704,0.3739749980479158,0.4310793316334995,0.4484115684821364,0.3152570697296639,0.3778463108604635,0.27207043051958146,0.31986665049804036,0.1173543128289541,0.1020702001662278,0.23677947898214807,0.1286448645683707,0.3113229983667305,0.3106846855530357,0.3158989892402935,0.40093487883728574,0.2819075303043166,0.2717925998247857,0.21530292373210583,0.30710908951585575,0.12626804901856933,0.45323293129195946,0.3132785876731171,0.3709116449906554,0.29954905642735974,0.24289047639861613,0.3105082408242768,0.25500748725652794,0.3718700326284294,0.42566311291553655,0.2260568874784863,0.22210222011346042,0.3711397302018929,0.42743849871557366,0.42490857650889924,0.42656791213348283,0.2987424772461604,0.3905784112578802,0.32315654455094567,0.38284521754782014,0.3407335362916002,0.3341649673159841,0.37510179882216094,0.3275341913873803,0.28638981548784037,0.5871409930634092,0.36178554622814224,0.2697184890419283,0.33368506786770563,0.4190026553149122,0.28659499023502366,0.4185937531286025,0.4328697760992111,0.2701311871916841,0.4182013856893696,0.3430126494836624,0.39234113639393525,0.41806638440297667,0.30045874299641373,0.3067654755156764,0.5816948536235912,0.4055443318870488,0.4914060659547885,0.3460000921305504,0.4184490238002986,0.4856574828311823,0.3859610036058925,0.47888448595295796,0.4141697322531955,0.40956192688692344,0.4142899557555555,0.3774374557598018,0.35465629623695405,0.45587813763769824,0.3168918386349038,0.433920588161047,0.42113881441056267,0.46074167892949114,0.4485470778880009,0.32923667172083565,0.4000310486346989,0.33356647524949495,0.3859832145854712,0.42191713057690433,0.44670897948363836,0.3821071123213393,0.38933389465313034,0.4114543600521472,0.38823522272890704,0.46310954432833634,0.4425347042098233,0.31308084850689877,0.4071694483228242,0.3041521530733766,0.6354173644385388,0.42636847815423506,0.47743989304203677,0.4121738150150219,0.45196320879665924,0.23880991896414364,0.47449348639497435,0.3992285104613552,0.4224208907923156,0.35620065983746907,0.3471457584834768,0.5202844122279543,0.3535973857942755,0.3112188459396845,0.40340741641963457,0.2698403028130064,0.37858559900300165,0.43433793452250213,0.4276333034771963,0.4796211705467495,0.2527199826783611,0.38796992988397605,0.4014136878731207,0.46974211030536367,0.3946261479512826,0.371085732852008,0.42059914252826214,0.41904778726213454,0.2497735797644739,0.4539768114441663,0.48967284156287544,0.46603601193862093,0.3045624109179913,0.26973069552680345,0.43837591595444503,0.4096738382528851,0.37537225270708274,0.2692505004697284,0.4202831196151231,0.328043592575493,0.32878032703037874,0.42594539865389575,0.4474564253948992,0.3695213027054117,0.20898532674247391,0.4268028573350044,0.48761146168640124,0.353405275746312,0.36366250390147803,0.35213373180547497,0.3001033715800216,0.31522584187276337,0.35989758752732237,0.44411946752918596,0.3901668816484218,0.26792337589587295,0.2634095767516809,0.302063167226537,0.4491093461361803,0.3799450756526685,0.44940502577422786,0.4811177005731076,0.45769486806366805,0.46101044229344923,0.5026130956821853,0.38608961678452863,0.44553602818968446,0.3627560055574203,0.5282761665766481,0.4586897881805242,0.4480938172802584,0.27513908357948874,0.38028992359143804,0.4475336871701074,0.5101505652500665,0.4113089265768596,0.49771294590214865,0.3767316834726819,0.4243055663162844,0.3691703263430438,0.3281724045893347,0.318087646275525,0.3089159776970704
4.473684210526316,0.3585739411935795,0.3465345674733348,0.2585869465698916,0.3792402085129784,0.4977120072696706,0.2846718169963089,0.4027932194756807,0.19957574591514354,0.3937269008354449,0.259339818236141,0.3798848408656088,0.32191186311342507,0.3681233153059257,0.1997799365314204,0.1555119280790865,0.24502814109125867,0.2754493195930798,0.24243990827263684,0.40266129699008674,0.23756089383492043,0.17866925860223581,0.23814404665209524,0.2953779300863883,0.3591634743536208,0.23857597788411175,0.26697386127248474,0.2714932214612349,0.1689878036737584,0.13485118727285186,0.17843855099815248,0.22501289444932795,0.14780661820638297,0.13370637522976392,0.14143348098205938,0.23479907197155583,0.4837357110035343,0.3126295149404008,0.5099534612267432,0.37288775684145803,0.3589106961899712,0.4379288337443589,0.2423126781473167,0.3972539724750962,0.20391054704668374,0.3269765433166921,0.27519916849103,0.2425304250386434,0.24190597098394842,0.16828345957530838,0.24160616275781857,0.3185750719061453,0.29705432872759147,0.26104356381579324,0.4013497408846404,0.3779129245272045,0.34684177931716403,0.40131188241935134,0.5355789836143272,0.29662186824063635,0.30162170311528785,0.23878372570418224,0.2473994213921269,0.2266793711685819,0.15188674934353721,0.12134023419627285,0.20364299835131988,0.21036937401361325,0.26830268036115146,0.22278854992972214,0.4511513080988994,0.2797501644742797,0.32877413158488694,0.4927106085321809,0.3505172518690824,0.2145982835091192,0.2475114274713981,0.4776251215418872,0.2548847886813838,0.2789716371422311,0.2849611317244654,0.37114903520322995,0.3923297683228469,0.4894686004968925,0.35170484463741747,0.44705342031139744,0.39007077227275316,0.20603248450302608,0.17748850721166778,0.22786212193025182,0.31644213596864673,0.4740122273556901,0.2857174429689013,0.35779330930250663,0.25970634367132334,0.3521857206625743,0.15378674944854054,0.2077350307963426,0.20726491746457532,0.21763477716552848,0.2773062194357523,0.3579496084634416,0.45067796984322933,0.4452666659887622,0.37993885245148307,0.4546374334540317,0.3400677254501144,0.3568146904589444,0.290497083503378,0.21749463924369766,0.21635718331789325,0.1709326852890559,0.119816020221419,0.12059183861850788,0.17597016699764256,0.18611543161621774,0.16286625076987524,0.26623913069631727,0.049659855412472684,0.1177632881665805,0.17681059588395237,0.07134854856215761,0.13295271065142678,0.42010137405322223,0.37637449115217875,0.3029282943844364,0.07904781785988159,0.19412707487486955,0.09838560617078196,0.3203620102997033,0.3665052676647642,0.39211504262450386,0.35371481571433483,0.13180514267728258,0.17331661557104786,0.43417445874513605,0.34215808491566213,0.4401869470435935,0.3101452337428579,0.39114366514482457,0.2331439177022094,0.5645495434164867,0.27042596357052473,0.23406506058623716,0.38699692858158785,0.3547611334785156,0.4022665516067743,0.29656255100140505,0.442563507651401,0.5004470369001636,0.3358230726124049,0.2704386432497418,0.21375772345921007,0.17966963609155087,0.22806130810410877,0.31628821029112864,0.4808918676414109,0.3319813859420103,0.31489315883693814,0.3453786420822044,0.24201233412307582,0.2704539700636307,0.4006756037101037,0.3343500160456515,0.3993628534119632,0.28094149243387967,0.20490132678607675,0.4760210557746587,0.3666140591630968,0.36462089607498094,0.31747986007851875,0.4327013014054766,0.4168301541241735,0.15596786738739749,0.2985706420447843,0.35088329899275583,0.38360885838318004,0.37778246652014225,0.5058200986822079,0.3025845614624518,0.31332798169932985,0.33595001611906916,0.41568770581706116,0.3587004121882285,0.3435205806121396,0.3237445405831128,0.25001345269495096,0.33540949966379635,0.38843851214159486,0.3083945316182592,0.2521912638237013,0.23564335700518788,0.3819217897983183,0.3100992364972789,0.3252641791843426,0.3407373854831018,0.452497489040532,0.26497389026239376,0.2358707752495207,0.39496173241743443,0.35671007488499207,0.3132790012598859,0.30734565343921966,0.3599254592300015,0.2694722168960341,0.4650306754931514,0.34609926270673247
4.7368421052631575,0.11827514294140805,0.19822573999581072,0.19375920285899728,0.23207284461609726,0.1882975555920024,0.16152485696668195,0.20032741168309467,0.274898739689753,0.23859355647984729,0.24581759376605541,0.43803425188372036,0.14894342792092122,0.06155380915807287,0.23376926008989066,0.3066012267504487,0.3451692767493888,0.29897699600362365,0.32346978060502385,0.418090009362412,0.2571551880965805,0.39807015023105785,0.36719840908857654,0.3276183146002303,0.46450276990459044,0.37246976180885427,0.3433754039045372,0.10487990504103695,0.1993437473602161,0.11411039723385857,0.1968522643628123,0.2232162277879011,0.25340677620518237,0.42727513201568257,0.11198896495391204,0.18887673203078567,0.3865564682812565,0.2965995405869738,0.4019911205662241,0.21471075870616543,0.30944519554952016,0.05515946513845708,0.12460793017831408,0.09776845264178395,0.2401777242877923,0.36465492125915216,0.2645221596353012,0.25044654024982316,0.31787856582509594,0.3351260943203137,0.24767784338056667,0.27190450059711274,0.2880494363390358,0.2633996481338681,0.28742647135478805,0.19201889807107397,0.08957865212078103,0.2544460089114862,0.21455659310736752,0.2679400135671277,0.24836538721007015,0.3765367277920376,0.28816867436385274,0.1308960588763621,0.09083296091914106,0.08778494537983675,0.2806027799149708,0.20292377999098712,0.13150820026492366,0.1646463577855937,0.4254750680677883,0.42500029150468416,0.4826716626859467,0.18278446472264556,0.19679987825390274,0.395698138437802,0.32738468156617123,0.35809594035829717,0.3653485791272378,0.2639489437048867,0.3458877596137445,0.3714335709070628,0.27345335838892026,0.37224454625202535,0.3253416691592817,0.27194768406393793,0.17405373885411762,0.11288515805992803,0.0717584028047035,0.1403007612894171,0.26224840248562453,0.3689350031298923,0.28894139758747955,0.30487811231768747,0.3350944939177009,0.365744222131348,0.25920703559938907,0.2202816856083118,0.25715992752955563,0.27596707320232494,0.1511518364554263,0.2558505138539804,0.1972476444885284,0.19381444832913833,0.2899131716716569,0.3116335613072783,0.23639002972454956,0.3977079129723685,0.3782705302618171,0.311950054676685,0.3772986974850491,0.36301317928468685,0.45420983400965126,0.3621003163508838,0.29834190161803054,0.32176941478532906,0.282978297147354,0.37856238326204816,0.3078847397460893,0.3083517375845214,0.26251754543690287,0.4065686200976274,0.11452480711754066,0.1652520984657943,0.20291787526613714,0.32361103711165656,0.37859499545860137,0.17495384831072763,0.24979276605260292,0.23893040623068096,0.21871811302792943,0.2453556902985669,0.10610455186030655,0.026212846377227473,0.13222806131329978,0.28490290969447607,0.29614308984353505,0.48112695741469924,0.310768307197829,0.40513598180991645,0.12733236288721642,0.1356799471976628,0.17822666833019155,0.20803266948015453,0.3064650245398781,0.32544533911749585,0.12546763216677767,0.21817898169988603,0.167027126690875,0.3764295550522647,0.3286975106201732,0.3921036070831118,0.38001966456584774,0.3065225338726906,0.16913149053668608,0.15373449965190272,0.24948763094101678,0.28258056316096974,0.3746200473974931,0.3459429539402078,0.20961420254787358,0.3800045145632986,0.37447978390847636,0.3279115034269222,0.14463429184157106,0.18829393318071538,0.35327098430790815,0.3823592428110894,0.1958268180160101,0.2608229668179682,0.28258698733893023,0.24303699561851125,0.3674967073902606,0.3890806905959007,0.41567759400168264,0.13028447965108678,0.24238606889023964,0.14251118283796277,0.3354241895604369,0.45987960930540106,0.3412527516654439,0.20922355441923374,0.3381704389214156,0.3149483614708102,0.3592054887825493,0.24460957862832275,0.36102595496287765,0.19066139654771674,0.2043560686808734,0.2914009333421783,0.22283034907514546,0.46448059518004037,0.32379409909621576,0.3304235874446838,0.39876785458141256,0.2871347984767155,0.3249371399015233,0.42393419158575946,0.28138941322490496,0.3950080812587531,0.3143593076146446,0.19471773158608505,0.3941556496066266,0.14104965115900978,0.3555499515339489,0.3233630324149522,0.20512650815714623
5.0,0.25234216407114896,0.2987456328053041,0.241382854999143,0.09879954352373996,0.17759564922181623,0.28293836450079946,0.34065162122870435,0.17649809035569708,0.34613721185786356,0.3251401452836555,0.15489632413487608,0.10117529783827131,0.09394293456651408,0.13536503771163177,0.2679983578369674,0.17104052428129574,0.2614357769139673,0.28107267843122835,0.4341243597169673,0.3440160428429631,0.13577274780718887,0.1676635535045659,0.2809313993343181,0.20492267022781982,0.4006945261475816,0.3372509733117503,0.2030814466558316,0.20063759702585773,0.27096054441643336,0.27575060719231287,0.11007123039998086,0.05530804071844724,0.056211935425590547,0.04121481195660353,0.10228709231034576,0.10053434608671907,0.2765098425942835,0.14411220365944272,0.19565206543454186,0.17428490201006172,0.1358878099663701,0.11683762036668295,0.20606255645807076,0.2632680475877006,0.37345933232611334,0.29211383688773207,0.29461511495922704,0.3909675893664953,0.2391936202924835,0.1349332975325629,0.3216431540083705,0.14808987948926589,0.39922621926674423,0.2722622610311024,0.1652002571869613,0.2528378164776867,0.28585338498404617,0.26459448376425,0.20663707848364726,0.24143200840257045,0.22956045475062722,0.12598252461863724,0.12728531689352268,0.20262984885289986,0.1468108146122543,0.11061342026360128,0.32550706784143874,0.21424154972546788,0.2042043427625508,0.3900368334981669,0.13214014631878737,0.26631369880658423,0.10915758743592716,0.1710894147950988,0.04893859002552874,0.06212782682539373,0.12071782448031973,0.19600887560149716,0.04455767803917049,0.12088693323047106,0.03828367687165235,0.15434111532741487,0.34052880354232434,0.3314459436520857,0.41516732414896174,0.34403343579236134,0.30785190206884794,0.12193240726140235,0.17232875789921018,0.1742949458866353,0.16687498641663415,0.24084298341896962,0.16785025644345647,0.296998487484894,0.14308820301541092,0.17869459380802433,0.2740958657988507,0.21710116451051722,0.2656121860371578,0.2141539025375161,0.2493392255587429,0.17166956980463122,0.3210906430971352,0.3037261787258412,0.2502954684799416,0.1544801345145994,0.22826848673301997,0.28401751072875053,0.17639476123300718,0.24322039599152723,0.22823347399249647,0.34060491673833515,0.19283044761908164,0.05742130850441323,0.22929012473615837,0.09398268273226451,0.18321047875170932,0.1793410093742773,0.028827032999978113,0.17506657892890254,0.13444521661188508,0.21349585066790464,0.293226222528375,0.1281993507405689,0.2981392894616598,0.3097525293795493,0.31610319882106275,0.32841165066434425,0.21181789784908953,0.2821169586571954,0.35481384947512445,0.18542258108661047,0.1378213927958579,0.1022984296844708,0.0857963171981479,0.0660255499898844,0.1799435824089514,0.28803971188328314,0.40380539391213605,0.19609843793266077,0.03236648601192564,0.07920054842491356,0.3530402431511537,0.18419384654298362,0.29215009915783596,0.27226959644544935,0.1451387504565815,0.14325694237641667,0.21313406395521428,0.14860744736896822,0.4100031172348512,0.2493013213513474,0.28821473328748676,0.27176687231112945,0.15196625660324514,0.254490376504058,0.2561287014556065,0.3022873300350952,0.19949683519697162,0.1753740927017126,0.10435940370063433,0.22129374307067626,0.3264599621685171,0.3442005222255306,0.3074032142235265,0.19657157399833544,0.25751827242740494,0.05402602509937664,0.14214335138838613,0.23991564586447436,0.2464913321178001,0.2912655328487514,0.3357394106029391,0.2991758855853729,0.31163084837541377,0.1315665006081496,0.1656011064311106,0.15446775685371855,0.2548315150675412,0.1070702261105964,0.21289481527834095,0.2842686303571706,0.26708012181482554,0.2814947467591357,0.207955932430012,0.36753552406537954,0.29622552986525835,0.09150352916845904,0.060471002336117075,0.17292240332321296,0.20816223061408506,0.2188225405798568,0.1367197336341664,0.24383336169727832,0.2569184105877701,0.17489602154389589,0.04323142537716484,0.17732106680579784,0.20868309462304385,0.19126074450506553,0.24827451932774514,0.20805246378540176,0.156993044387134,0.12403237788752282,0.0916659317935625,0.16693589837180503
